{"header": {"timestamp": 1696502752.905868, "frame_id": "camera", "seq": 50}, "data": {"aruco": {"aruco_0": [{"position": {"x": -1.067512837543164, "y": 1.4075572033149137, "z": 4.140559245394344}, "orientation": {"x": 0.8086823374034067, "y": 0.003552546167532114, "z": 0.02085255812235656, "w": 0.5878651438954721}}], "aruco_18": [{"position": {"x": -9.742897270096332, "y": 2.3957326043668625, "z": 19.865025248381503}, "orientation": {"x": -0.9853934316174596, "y": -0.009538092551898428, "z": -0.049879443337695034, "w": 0.16254491947754}}], "aruco_15": [{"position": {"x": -6.312849584237887, "y": 2.433936281846282, "z": 20.095751956401617}, "orientation": {"x": -0.9880391816650572, "y": -0.01074184157721411, "z": -0.026592226530867097, "w": 0.15151251374822167}}], "aruco_4": [{"position": {"x": 0.3002536212960535, "y": 2.0972208390661575, "z": 18.027495589318}, "orientation": {"x": -0.6871920096351664, "y": -0.697994427359916, "z": -0.150267863966361, "w": 0.13412863350929685}}, {"position": {"x": -2.580891673330242, "y": 2.2517240230390567, "z": 19.577591029064646}, "orientation": {"x": -0.6887469466355274, "y": -0.7088445397335834, "z": -0.11879404704652678, "w": 0.09515795487729718}}]}, "body": {"2": {"pelvis": {"position": {"x": -0.12490067291259765, "y": -0.4101255798339844, "z": 1.450046875}, "orientation": {"x": -0.21699699759483337, "y": 0.5095749497413635, "z": -0.49985557794570923, "w": 0.6658754348754883}, "confidence": 2}, "spine_navel": {"position": {"x": -0.1293444061279297, "y": -0.5650108642578126, "z": 1.372002197265625}, "orientation": {"x": -0.19706201553344727, "y": 0.5176107883453369, "z": -0.4736431837081909, "w": 0.6847684383392334}, "confidence": 2}, "spine_chest": {"position": {"x": -0.12719976806640626, "y": -0.6832797241210937, "z": 1.2995760498046875}, "orientation": {"x": -0.12262506037950516, "y": 0.459818035364151, "z": -0.521742045879364, "w": 0.7080365419387817}, "confidence": 2}, "neck": {"position": {"x": -0.12086763763427734, "y": -0.8634630737304687, "z": 1.18971728515625}, "orientation": {"x": -0.08535583317279816, "y": 0.4681708812713623, "z": -0.46328186988830566, "w": 0.7475963830947876}, "confidence": 2}, "clavicle_left": {"position": {"x": -0.0970096893310547, "y": -0.8444033813476562, "z": 1.2263167724609374}, "orientation": {"x": -0.4332646131515503, "y": -0.3128838837146759, "z": -0.23430195450782776, "w": 0.8120887279510498}, "confidence": 2}, "shoulder_left": {"position": {"x": -0.00047472864389419556, "y": -0.8596153564453125, "z": 1.325186767578125}, "orientation": {"x": -0.38751736283302307, "y": -0.685601532459259, "z": -0.019656149670481682, "w": 0.6159501671791077}, "confidence": 2}, "elbow_left": {"position": {"x": 0.015415165901184082, "y": -0.7233265991210938, "z": 1.556251708984375}, "orientation": {"x": -0.591258704662323, "y": -0.5202233791351318, "z": 0.18380478024482727, "w": 0.5882149338722229}, "confidence": 2}, "wrist_left": {"position": {"x": 0.10364332580566406, "y": -0.5358021240234375, "z": 1.6452662353515626}, "orientation": {"x": 0.7894728779792786, "y": -0.03891405463218689, "z": 0.4944956600666046, "w": 0.3615139424800873}, "confidence": 2}, "hand_left": {"position": {"x": 0.15113375854492186, "y": -0.5163488159179688, "z": 1.7235927734375}, "orientation": {"x": 0.6788359880447388, "y": 0.4049241244792938, "z": 0.2114371508359909, "w": 0.5749022364616394}, "confidence": 2}, "handtip_left": {"position": {"x": 0.21235955810546875, "y": -0.433034912109375, "z": 1.7048338623046875}, "orientation": {"x": 0.6788359880447388, "y": 0.4049241244792938, "z": 0.2114371508359909, "w": 0.5749022364616394}, "confidence": 2}, "thumb_left": {"position": {"x": 0.15199325561523438, "y": -0.45191934204101564, "z": 1.725384033203125}, "orientation": {"x": 0.6774865388870239, "y": 0.6234239339828491, "z": 0.3810679316520691, "w": -0.08450943976640701}, "confidence": 2}, "clavicle_right": {"position": {"x": -0.14801289367675782, "y": -0.8238726806640625, "z": 1.1908193359375}, "orientation": {"x": 0.859618067741394, "y": -0.3478383421897888, "z": 0.0829189270734787, "w": 0.36495164036750793}, "confidence": 2}, "shoulder_right": {"position": {"x": -0.2431968994140625, "y": -0.7551327514648437, "z": 1.1401180419921875}, "orientation": {"x": 0.8531040549278259, "y": -0.43759435415267944, "z": -0.2841164469718933, "w": 0.0016017885645851493}, "confidence": 2}, "elbow_right": {"position": {"x": -0.36794256591796876, "y": -0.5504432983398437, "z": 1.2724708251953125}, "orientation": {"x": 0.7026833891868591, "y": -0.6523123979568481, "z": -0.2730615735054016, "w": 0.07849926501512527}, "confidence": 2}, "wrist_right": {"position": {"x": -0.3679088134765625, "y": -0.3312628173828125, "z": 1.33673046875}, "orientation": {"x": -0.5951982736587524, "y": 0.6843885183334351, "z": 0.07913000881671906, "w": -0.4136301875114441}, "confidence": 2}, "hand_right": {"position": {"x": -0.3644549560546875, "y": -0.24276426696777345, "z": 1.2885435791015625}, "orientation": {"x": -0.46645620465278625, "y": 0.7778606414794922, "z": 0.00563774723559618, "w": -0.4210934042930603}, "confidence": 2}, "handtip_right": {"position": {"x": -0.34274441528320315, "y": -0.16732159423828125, "z": 1.221423583984375}, "orientation": {"x": -0.46645620465278625, "y": 0.7778606414794922, "z": 0.00563774723559618, "w": -0.4210934042930603}, "confidence": 2}, "thumb_right": {"position": {"x": -0.339587158203125, "y": -0.2624772033691406, "z": 1.4502213134765625}, "orientation": {"x": -0.4628286361694336, "y": 0.6831573247909546, "z": 0.3220592141151428, "w": 0.4640727937221527}, "confidence": 2}, "hip_left": {"position": {"x": -0.045489891052246094, "y": -0.4296725158691406, "z": 1.484317626953125}, "orientation": {"x": 0.2773532569408417, "y": -0.4165969789028168, "z": 0.7076356410980225, "w": -0.49877241253852844}, "confidence": 2}, "knee_left": {"position": {"x": 0.09022569274902344, "y": -0.06489080047607422, "z": 1.4932890625}, "orientation": {"x": -0.07695727050304413, "y": 0.49452173709869385, "z": -0.432939350605011, "w": 0.7497262358665466}, "confidence": 1}, "ankle_left": {"position": {"x": 0.03961627197265625, "y": 0.20496153259277344, "z": 1.744385986328125}, "orientation": {"x": -0.10894668847322464, "y": 0.4945780634880066, "z": -0.46585193276405334, "w": 0.7256067991256714}, "confidence": 1}, "foot_left": {"position": {"x": 0.11380794525146484, "y": 0.369888427734375, "z": 1.722367431640625}, "orientation": {"x": 0.2723366916179657, "y": 0.42287638783454895, "z": 0.1793673038482666, "w": 0.8454795479774475}, "confidence": 1}, "hip_right": {"position": {"x": -0.19650886535644532, "y": -0.392499267578125, "z": 1.4191434326171875}, "orientation": {"x": 0.4710678160190582, "y": 0.30201199650764465, "z": 0.5745251774787903, "w": 0.5973312258720398}, "confidence": 2}, "knee_right": {"position": {"x": -0.13528945922851562, "y": -0.0149216947555542, "z": 1.48933056640625}, "orientation": {"x": 0.5508922934532166, "y": 0.09824587404727936, "z": 0.7595951557159424, "w": 0.3314826488494873}, "confidence": 2}, "ankle_right": {"position": {"x": -0.20043656921386718, "y": 0.2151128387451172, "z": 1.7795010986328126}, "orientation": {"x": 0.5635997653007507, "y": 0.1674448847770691, "z": 0.7323992252349854, "w": 0.3433786630630493}, "confidence": 1}, "foot_right": {"position": {"x": -0.17162794494628905, "y": 0.3796451416015625, "z": 1.765556640625}, "orientation": {"x": 0.5225088000297546, "y": -0.27638354897499084, "z": 0.7587622404098511, "w": -0.2736358940601349}, "confidence": 1}, "head": {"position": {"x": -0.11035228729248046, "y": -0.9248382568359375, "z": 1.140392822265625}, "orientation": {"x": -0.0548466295003891, "y": 0.47219592332839966, "z": -0.4149302840232849, "w": 0.7757936120033264}, "confidence": 1}, "nose": {"position": {"x": -0.01613222122192383, "y": -0.8620384521484376, "z": 1.032700927734375}, "orientation": {"x": -0.0548466295003891, "y": 0.47219592332839966, "z": -0.4149302840232849, "w": 0.7757936120033264},